{
  "hash": "2a87c995",
  "configHash": "7724e68b",
  "lockfileHash": "53596b81",
  "browserHash": "a30646d0",
  "optimized": {
    "@angular/common/http": {
      "src": "../../../../../../node_modules/@angular/common/fesm2022/http.mjs",
      "file": "@angular_common_http.js",
      "fileHash": "73006b23",
      "needsInterop": false
    },
    "@angular/core": {
      "src": "../../../../../../node_modules/@angular/core/fesm2022/core.mjs",
      "file": "@angular_core.js",
      "fileHash": "a6fa2275",
      "needsInterop": false
    },
    "@angular/platform-browser": {
      "src": "../../../../../../node_modules/@angular/platform-browser/fesm2022/platform-browser.mjs",
      "file": "@angular_platform-browser.js",
      "fileHash": "31a7df03",
      "needsInterop": false
    },
    "@angular/router": {
      "src": "../../../../../../node_modules/@angular/router/fesm2022/router.mjs",
      "file": "@angular_router.js",
      "fileHash": "8b574e55",
      "needsInterop": false
    }
  },
  "chunks": {
    "chunk-AENJCTVE": {
      "file": "chunk-AENJCTVE.js"
    },
    "chunk-UIUXXS45": {
      "file": "chunk-UIUXXS45.js"
    },
    "chunk-NTS2FYPI": {
      "file": "chunk-NTS2FYPI.js"
    }
  }
}