{
  "hash": "e422f834",
  "configHash": "019bf11f",
  "lockfileHash": "d1669ede",
  "browserHash": "e12cf153",
  "optimized": {
    "@angular/core": {
      "src": "../../../../../../node_modules/@angular/core/fesm2022/core.mjs",
      "file": "@angular_core.js",
      "fileHash": "ae6d6d41",
      "needsInterop": false
    },
    "@angular/platform-browser": {
      "src": "../../../../../../node_modules/@angular/platform-browser/fesm2022/platform-browser.mjs",
      "file": "@angular_platform-browser.js",
      "fileHash": "b90691b9",
      "needsInterop": false
    },
    "@angular/router": {
      "src": "../../../../../../node_modules/@angular/router/fesm2022/router.mjs",
      "file": "@angular_router.js",
      "fileHash": "c7e42f17",
      "needsInterop": false
    }
  },
  "chunks": {
    "chunk-PWULW3NI": {
      "file": "chunk-PWULW3NI.js"
    },
    "chunk-76OAE7CP": {
      "file": "chunk-76OAE7CP.js"
    }
  }
}