{
  "hash": "fefecada",
  "configHash": "e4663c12",
  "lockfileHash": "a6314b9e",
  "browserHash": "e3664bcc",
  "optimized": {
    "@angular/core": {
      "src": "../../../../../../node_modules/@angular/core/fesm2022/core.mjs",
      "file": "@angular_core.js",
      "fileHash": "752277e7",
      "needsInterop": false
    },
    "@angular/platform-browser": {
      "src": "../../../../../../node_modules/@angular/platform-browser/fesm2022/platform-browser.mjs",
      "file": "@angular_platform-browser.js",
      "fileHash": "2abaccb0",
      "needsInterop": false
    },
    "@angular/router": {
      "src": "../../../../../../node_modules/@angular/router/fesm2022/router.mjs",
      "file": "@angular_router.js",
      "fileHash": "10bcd631",
      "needsInterop": false
    }
  },
  "chunks": {
    "chunk-PWULW3NI": {
      "file": "chunk-PWULW3NI.js"
    },
    "chunk-76OAE7CP": {
      "file": "chunk-76OAE7CP.js"
    }
  }
}