{
  "hash": "593460de",
  "configHash": "70854e61",
  "lockfileHash": "c8079f6c",
  "browserHash": "965d7e0b",
  "optimized": {
    "@angular/common/http": {
      "src": "../../../../../../node_modules/@angular/common/fesm2022/http.mjs",
      "file": "@angular_common_http.js",
      "fileHash": "4414ded7",
      "needsInterop": false
    },
    "@angular/core": {
      "src": "../../../../../../node_modules/@angular/core/fesm2022/core.mjs",
      "file": "@angular_core.js",
      "fileHash": "3182bed8",
      "needsInterop": false
    },
    "@angular/platform-browser": {
      "src": "../../../../../../node_modules/@angular/platform-browser/fesm2022/platform-browser.mjs",
      "file": "@angular_platform-browser.js",
      "fileHash": "198c3edd",
      "needsInterop": false
    },
    "@angular/router": {
      "src": "../../../../../../node_modules/@angular/router/fesm2022/router.mjs",
      "file": "@angular_router.js",
      "fileHash": "ff7c6ef5",
      "needsInterop": false
    },
    "rxjs": {
      "src": "../../../../../../node_modules/rxjs/dist/esm5/index.js",
      "file": "rxjs.js",
      "fileHash": "438ab2ed",
      "needsInterop": false
    }
  },
  "chunks": {
    "chunk-AYIBCTFE": {
      "file": "chunk-AYIBCTFE.js"
    },
    "chunk-AAEQTVZV": {
      "file": "chunk-AAEQTVZV.js"
    },
    "chunk-E7R4FTH5": {
      "file": "chunk-E7R4FTH5.js"
    },
    "chunk-5TID76VL": {
      "file": "chunk-5TID76VL.js"
    }
  }
}