{
  "hash": "6cecddb8",
  "configHash": "bc391663",
  "lockfileHash": "ed372dd1",
  "browserHash": "7dcd9dc9",
  "optimized": {
    "@angular/core": {
      "src": "../../../../../../node_modules/@angular/core/fesm2022/core.mjs",
      "file": "@angular_core.js",
      "fileHash": "a36b3253",
      "needsInterop": false
    },
    "@angular/platform-browser": {
      "src": "../../../../../../node_modules/@angular/platform-browser/fesm2022/platform-browser.mjs",
      "file": "@angular_platform-browser.js",
      "fileHash": "1ad72bad",
      "needsInterop": false
    },
    "@angular/router": {
      "src": "../../../../../../node_modules/@angular/router/fesm2022/router.mjs",
      "file": "@angular_router.js",
      "fileHash": "905ae417",
      "needsInterop": false
    }
  },
  "chunks": {
    "chunk-PWULW3NI": {
      "file": "chunk-PWULW3NI.js"
    },
    "chunk-76OAE7CP": {
      "file": "chunk-76OAE7CP.js"
    }
  }
}